nome,categoria,unidade_estoque,medida_embutida,peso_por_embalagem,unidade_medida,unidade_planilha,qtd_por_embalagem,estoque_inicial,preco_unitario_inicial,compras_4_semanas,valor_compras_4_semanas,preco_medio_compra,consumo_4_semanas,semanas_presente,estoque_minimo_planilha
Café em pó - 500g,Bebidas,UN,500g,500,g,und,500,9.0,65.45,13.0,208.4,16.030769,9.0,4,7
Gelo,Bebidas,KG,,,,Kg,1,0.0,0.0,0.0,0.0,0.0,0.0,4,7
Acem,Carnes e Proteínas,KG,,,,kg,1,0.0,0.0,18.475,314.15,17.004073,18.475,8,7
Alcatra,Carnes e Proteínas,KG,,,,kg,1,36.376,65.4,19.07,623.59,32.7,13.316,4,7
Apresuntado,Carnes e Proteínas,KG,,,,kg,1,5.892,29.8,7.46,111.15,14.9,6.108,4,7
Bacon fatiado,Carnes e Proteínas,KG,,,,Kg,1,5.674,51.8,12.0,327.6,27.3,12.872,4,7
Bacon pedaço,Carnes e Proteínas,KG,,,,Kg,1,0.0,0.0,2.994,73.47,24.540407,2.994,4,7
Capa de contra-filé,Carnes e Proteínas,KG,,,,kg,1,17.338,85.88,45.644,1114.09,24.408272,42.416,4,7
Contra filé,Carnes e Proteínas,KG,,,,kg,1,15.134,80.5,58.258,2402.82,41.244464,56.964,4,7
Coração de galinha,Carnes e Proteínas,KG,,,,kg,1,23.12,93.78,42.8,1349.94,31.540654,38.4,4,7
Costela Gaucha,Carnes e Proteínas,KG,,,,kg,1,0.0,0.0,33.84,574.94,16.99,33.84,4,7
Costela P A,Carnes e Proteínas,KG,,,,kg,1,0.0,0.0,19.842,277.59,13.99,19.842,4,7
Costela Suina,Carnes e Proteínas,KG,,,,kg,1,1.0,15.0,22.3,557.28,24.99,23.3,4,7
Costelinha de Caranha,Carnes e Proteínas,KG,,,,kg,1,10.546,59.7,14.0,278.6,19.9,18.314,4,7
Coxa e sobrecoxa,Carnes e Proteínas,KG,,,,kg,1,39.378,22.4,36.0,261.18,7.255,45.658,4,7
Coxao mole,Carnes e Proteínas,KG,,,,kg,1,0.0,0.0,23.782,748.56,31.475914,23.782,4,7
Coxinha da asa,Carnes e Proteínas,KG,,,,kg,1,38.798,32.67,20.0,217.2,10.86,27.816,4,7
Cupim,Carnes e Proteínas,KG,,,,kg,1,13.328,123.7,57.496,2406.19,41.849631,58.776,4,7
Dobradinha,Carnes e Proteínas,KG,,,,kg,1,0.0,0.0,4.14,70.34,16.99,4.14,4,7
Figado,Carnes e Proteínas,KG,,,,kg,1,0.0,0.0,2.232,20.07,8.99,2.232,4,7
Filé de Sassami,Carnes e Proteínas,KG,,,,kg,1,37.03,41.85,40.0,561.2,14.03,47.094,4,7
Filé de peito de frango,Carnes e Proteínas,KG,,,,kg,1,25.326,41.37,40.0,561.4,14.035,26.2,4,7
Fraldinha,Carnes e Proteínas,KG,,,,kg,1,48.532,84.7,45.688,1371.26,30.013465,42.148,4,7
Frango caipira,Carnes e Proteínas,KG,,,,kg,1,18.326,34.7,54.0,934.2,17.3,52.65,4,7
Hondashi - 500 g,Carnes e Proteínas,UN,500 g,500,g,und,500,2.0,102.0,0.0,0.0,102.0,1.0,4,7
Kibe,Carnes e Proteínas,KG,,,,kg,1,9.0,19.6,6.0,58.8,9.8,4.0,3,7
Kit Feijoada preparado e pronto,Carnes e Proteínas,KG,,,,kg,1,0.0,0.0,2.872,25.79,8.98,2.872,4,7
Lagarto,Carnes e Proteínas,KG,,,,kg,1,45.078,74.21,25.838,617.27,23.89,30.606,4,7
Linguiça calabresa,Carnes e Proteínas,KG,,,,kg,1,4.0,28.0,19.5,410.32,21.042308,15.5,4,7
Linguiça de Frango,Carnes e Proteínas,KG,,,,kg,1,14.11,25.3,21.0,269.03,12.811,21.11,4,7
Linguiça fina,Carnes e Proteínas,KG,,,,kg,1,0.0,0.0,3.086,67.86,21.99,3.086,4,7
Linguiça suina,Carnes e Proteínas,KG,,,,kg,1,30.436,51.97,32.0,485.2,15.1625,28.288,4,7
Lombo suino,Carnes e Proteínas,KG,,,,kg,1,14.234,7.98,24.321,519.11,21.344056,38.555,4,7
Maminha,Carnes e Proteínas,KG,,,,kg,1,17.912,64.9,66.638,2179.06,32.7,70.536,4,7
Maça do Peito,Carnes e Proteínas,KG,,,,kg,1,0.0,0.0,0.0,0.0,0.0,0.0,4,7
Meio da asa,Carnes e Proteínas,KG,,,,kg,1,20.704,49.1,40.0,759.0,18.975,42.29,4,7
Moela 1kg,Carnes e Proteínas,UN,1kg,1,kg,kg,1,0.0,0.0,5.0,43.45,8.69,5.0,4,7
Peito bovino,Carnes e Proteínas,KG,,,,kg,1,27.912,62.88,43.238,843.83,19.515926,49.166,4,7
Pernil,Carnes e Proteínas,KG,,,,kg,1,0.0,0.0,21.706,433.9,19.99,21.706,4,7
Picanha,Carnes e Proteínas,KG,,,,kg,1,22.86,182.39,76.396,5394.06,70.606581,73.804,4,7
Rabada,Carnes e Proteínas,KG,,,,kg,1,1.859,28.9,15.046,358.03,23.79553,16.905,4,7
Sobrecoxa - file de coxa/sobrecoxa,Carnes e Proteínas,KG,,,,kg,1,25.384,31.47,38.0,332.04,8.737895,40.192,4,7
Toucinho,Carnes e Proteínas,KG,,,,kg,1,0.0,0.0,41.136,657.76,15.99,41.136,4,7
Batata palito 1 kg,Congelados,UN,1 kg,1,kg,kg,1,32.412,36.96,38.0,481.84,12.68,38.0,4,7
Mandioca congelada,Congelados,KG,,,,kg,1,4.004,4.0,33.304,142.78,4.287169,26.138,4,7
Massa de lasanha,Congelados,KG,,,,kg,1,3.717,10.25,16.0,162.0,10.125,8.34,4,7
"Catupiry - sachê 1,80 kg",Descartáveis e Limpeza,UN,"1,80 kg",1.80,kg,kg,1.80,0.0,0.0,0.0,0.0,0.0,0.0,4,7
Sal sache,Descartáveis e Limpeza,UN,,,,und,1,133.0,0.96,0.0,0.0,0.96,90.0,4,7
"Azeitona Fatiada verde - 3,2kg",Enlatados e Conservas,UN,"3,2kg",3.2,kg,und,3.2,3.594,0.0,0.0,0.0,0.0,-1.864,4,7
"Azeitona preta 3,2 kg",Enlatados e Conservas,UN,"3,2 kg",3.2,kg,und,3.2,0.0,0.0,0.0,0.0,0.0,0.0,4,7
Azeitona sem caroço verde - 2kg,Enlatados e Conservas,UN,2kg,2,kg,und,2,2.0,81.2,1.0,40.6,40.6,-0.602,4,7
Azeitona verde fatiada -2Kg,Enlatados e Conservas,UN,2Kg,2,kg,und,2,1.0,39.4,2.0,78.5,39.25,2.0,4,7
Ervilha enlatada - 195g,Enlatados e Conservas,UN,195g,195,g,und,195,6.0,7.36,9.0,33.21,3.69,6.0,4,7
Milho enlatado - 195 g,Enlatados e Conservas,UN,195 g,195,g,und,195,7.0,10.83,31.0,91.95,2.966129,24.0,4,7
Palmito em conserva 800g,Enlatados e Conservas,UN,800g,800,g,und,800,47.625,106.12,3.6,152.64,42.4,14.3,4,7
Amido de milho 5Kg,Grãos e Farinhas,UN,5Kg,5,kg,kg,5,14.15,27.556,0.0,0.0,27.556,3.544,4,7
Arroz 5 Kg,Grãos e Farinhas,UN,5 Kg,5,kg,und,5,14.0,110.55,14.0,407.6,29.114286,12.0,4,7
Arroz Integral 1 Kg,Grãos e Farinhas,UN,1 Kg,1,kg,und,1,6.0,26.09,5.0,34.3,6.86,4.0,4,7
Açúcar Cristalizado 5 Kg,Grãos e Farinhas,UN,5 Kg,5,kg,und,5,5.5,39.69,1.0,17.49,17.49,2.5,3,7
Coco Ralado - 200g,Grãos e Farinhas,UN,200g,200,g,kg,200,1.0,3.0,0.0,0.0,3.0,1.0,4,7
Farinha de Trigo 5Kg,Grãos e Farinhas,UN,5Kg,5,kg,kg,5,7.0,11.22,11.0,40.9,3.718182,9.0,4,7
Farinha de mandioca 20 kg,Grãos e Farinhas,UN,20 kg,20,kg,kg,20,45.012,25.93,20.0,240.0,12.0,24.286,4,7
Farinha de milho 500g,Grãos e Farinhas,UN,500g,500,g,und,500,0.0,0.0,0.0,0.0,0.0,0.0,4,7
Feijão Branco 1 Kg,Grãos e Farinhas,UN,1 Kg,1,kg,und,1,2.0,10.49,0.0,0.0,10.49,1.0,4,7
Feijão Carioca 1 Kg,Grãos e Farinhas,UN,1 Kg,1,kg,und,1,25.0,22.33,67.0,490.08,7.314627,62.0,4,7
Feijão preto Cristal 1 Kg,Grãos e Farinhas,UN,1 Kg,1,kg,und,1,34.0,33.47,0.0,0.0,33.47,7.0,4,7
Flocão de milho - 500g,Grãos e Farinhas,UN,500g,500,g,und,500,0.0,0.0,0.0,0.0,0.0,0.0,4,7
Fuba de milho 500g,Grãos e Farinhas,UN,500g,500,g,und,500,1.446,10.0,0.0,0.0,10.0,1.06,4,7
Grao de bico - 500 g,Grãos e Farinhas,UN,500 g,500,g,und,500,0.0,0.0,0.0,0.0,0.0,0.0,4,7
Milho - Bandeja,Grãos e Farinhas,KG,,,,Kg,1,1.0,0.0,44.0,150.0,3.409091,26.0,4,7
Trigo para quibe 500g,Grãos e Farinhas,UN,500g,500,g,kg,500,7.526,24.0,0.0,0.0,24.0,1.36,4,7
Abacaxi,Hortifruti,UN,,,,und,1,4.0,10.0,51.0,421.5,8.264706,44.0,4,7
Abobora Kabutia,Hortifruti,KG,,,,kg,1,34.132,23.74,26.328,133.31,5.063469,16.016,4,7
Abobora Moranga,Hortifruti,KG,,,,kg,1,0.0,0.0,0.0,0.0,0.0,0.0,4,7
Abobrinha,Hortifruti,KG,,,,kg,1,16.524,9.46,29.908,113.03,3.779424,37.286,4,7
Alho,Hortifruti,KG,,,,kg,1,13.5,37.0,14.0,266.0,19.0,7.0,4,7
Alho poró,Hortifruti,KG,,,,kg,1,0.0,0.0,5.0,15.0,3.0,5.0,4,7
Aneis de cebola,Hortifruti,KG,,,,kg,1,21.853,68.2,11.0,246.4,22.4,20.0,4,7
Banana da terra,Hortifruti,KG,,,,kg,1,21.694,15.32,81.022,504.49,6.226579,76.84,4,7
Banana prata,Hortifruti,KG,,,,kg,1,0.0,0.0,15.186,99.46,6.549323,15.186,3,7
Batata doce,Hortifruti,KG,,,,kg,1,20.264,10.98,28.548,88.85,3.112408,26.76,4,7
Batata inglesa,Hortifruti,KG,,,,kg,1,6.66,13.6,85.91,404.88,4.712873,80.818,4,7
Batata palha - 800g,Hortifruti,UN,800g,800,g,und,800,0.0,0.0,3.0,25.73,8.576667,3.0,4,7
Beringela,Hortifruti,KG,,,,kg,1,9.692,6.6,16.848,59.02,3.502792,9.046,4,7
Beterraba,Hortifruti,KG,,,,kg,1,24.876,11.22,26.161,105.37,4.027829,27.803,4,7
Brocolis,Hortifruti,UN,,,,und,1,6.7,5.73,64.0,359.0,5.609375,57.7,4,7
Cebola,Hortifruti,KG,,,,kg,1,8.464,9.12,62.29,321.01,5.153533,57.284,4,7
Cebola Roxa,Hortifruti,KG,,,,kg,1,2.976,15.8,5.635,44.52,7.9,5.635,4,7
Cenoura,Hortifruti,KG,,,,kg,1,6.472,12.6,55.426,219.98,3.968859,35.956,4,7
Chuchu,Hortifruti,KG,,,,kg,1,6.51,11.01,28.044,86.38,3.080052,23.628,4,7
"Cogumelo Fatiado - 3,2 kg",Hortifruti,UN,"3,2 kg",3.2,kg,und,3.2,5.968,78.11,2.0,53.68,26.84,3.016,4,7
Couve flor,Hortifruti,UN,,,,und,1,2.0,6.0,19.0,107.0,5.631579,18.0,4,7
Guariroba,Hortifruti,KG,,,,kg,1,4.0,70.0,4.0,130.0,32.5,3.0,4,7
Jilo,Hortifruti,KG,,,,kg,1,0.0,0.0,7.947,68.95,8.67633,5.345,4,7
Limão taiti,Hortifruti,KG,,,,kg,1,0.0,0.0,12.485,37.6,3.011258,12.485,3,7
Manga,Hortifruti,KG,,,,kg,1,0.0,0.0,3.16,11.69,3.698797,3.16,4,7
Maça fuji,Hortifruti,KG,,,,kg,1,0.0,0.0,1.225,9.68,7.900204,1.225,3,7
Morango,Hortifruti,KG,,,,kg,1,0.0,0.0,5.0,24.11,4.822,5.0,4,7
Pepino,Hortifruti,KG,,,,kg,1,18.756,16.6,16.662,49.96,2.9982,15.206,4,7
Pequi 1 kg,Hortifruti,UN,1 kg,1,kg,kg,1,12.562,2.86,7.0,56.0,8.0,16.562,4,7
Pimentao Verde,Hortifruti,KG,,,,kg,1,6.554,23.37,6.133,67.34,10.979857,5.911,4,7
Pimentao amarelo,Hortifruti,KG,,,,kg,1,4.834,35.4,3.64,75.78,20.819423,4.954,4,7
Pimentao vermelho,Hortifruti,KG,,,,kg,1,4.328,36.8,3.28,68.63,20.92439,5.998,4,7
Quiabo,Hortifruti,KG,,,,kg,1,8.516,20.28,17.312,116.55,6.732383,16.49,4,7
Repolho roxo,Hortifruti,KG,,,,kg,1,0.0,0.0,0.0,0.0,0.0,0.0,4,7
Repolho verde,Hortifruti,KG,,,,kg,1,0.0,0.0,27.235,146.05,5.362717,27.235,4,7
Tomate,Hortifruti,KG,,,,kg,1,2.09,0.0,104.455,395.24,3.783865,86.153,4,7
Tomate cereja,Hortifruti,KG,,,,kg,1,0.0,0.0,2.0,32.0,16.0,2.0,4,7
Tomate seco,Hortifruti,KG,,,,kg,1,13.04,20.94,0.0,0.0,20.94,8.798,4,7
Uva Thompson 500g,Hortifruti,UN,500g,500,g,kg,500,0.0,0.0,2.0,15.98,7.99,2.0,4,7
Uva passa preta 1kg,Hortifruti,UN,1kg,1,kg,kg,1,3.004,71.34,2.0,40.0,20.0,2.682,4,7
Vagem,Hortifruti,KG,,,,kg,1,1.366,15.98,11.968,185.97,15.538703,10.308,4,7
"Creme de leite 1,030 Kg",Laticínios,UN,"1,030 Kg",1.030,kg,und,1.030,6.0,26.6,23.0,315.4,13.713043,18.0,4,7
Leite Condensado 395g,Laticínios,UN,395g,395,g,und,395,12.0,18.02,34.0,156.7,4.608824,32.0,4,7
Leite Integral 1L,Laticínios,UN,1L,1,l,und,1,20.0,10.67,48.0,166.56,3.47,50.0,4,7
Leite de coco - 500mL,Laticínios,UN,500mL,500,ml,und,500,9.0,23.45,11.0,86.15,7.831818,10.0,4,7
Margarina 15Kg,Laticínios,UN,15Kg,15,kg,Kg,15,0.0,0.0,3.5,169.15,48.328571,3.5,4,7
Mussarela barra,Laticínios,KG,,,,kg,1,5.808,45.916,12.53,332.94,26.571508,10.688,4,7
Mussarela fatiada,Laticínios,KG,,,,kg,1,9.668,61.986,15.621,451.56,28.907298,20.435,4,7
Queijo Coalho,Laticínios,KG,,,,kg,1,0.0,0.0,7.985,319.4,40.0,6.051,4,7
Queijo Fresco,Laticínios,KG,,,,kg,1,0.0,0.0,0.0,0.0,0.0,0.0,4,7
Queijo Trança,Laticínios,KG,,,,kg,1,0.0,0.0,1.0,22.0,22.0,1.0,4,7
Queijo ralado - 760 g,Laticínios,UN,760 g,760,g,kg,760,3.25,14.0,4.52,37.5,8.296319,4.52,4,7
"Requeijão cremoso 1,8kg",Laticínios,UN,"1,8kg",1.8,kg,um,1.8,0.0,0.0,2.0,23.6,11.8,2.0,3,7
Macarrão ESP 8 - pct 500g,Massas e Macarrão,UN,500g,500,g,und,500,81.0,7.75,30.0,78.51,2.617,29.0,4,7
Macarrão FUR. 5 - pct 500g,Massas e Macarrão,UN,500g,500,g,und,500,76.0,7.95,30.0,84.45,2.815,28.0,4,7
Macarrão NINHO - pct 500g,Massas e Macarrão,UN,500g,500,g,und,500,9.0,8.13,0.0,0.0,8.13,5.0,4,7
Macarrão PARAFUSO - 500g,Massas e Macarrão,UN,500g,500,g,und,500,1.71,2.65,0.0,0.0,2.65,0.778,4,7
Massa de pastel 200 g,Massas e Macarrão,UN,200 g,200,g,und,200,0.0,0.0,29.0,102.9,3.548379,24.0,4,7
Achocolatado 750 g,Molhos e Temperos,UN,750 g,750,g,und,750,0.58,0.0,0.0,0.0,0.0,0.38,4,7
Adoçante Zero - 200mL,Molhos e Temperos,UN,200mL,200,ml,und,200,0.0,0.0,0.0,0.0,0.0,0.0,4,7
"Açafrão 0,250 g",Molhos e Temperos,UN,"0,250 g",0.250,g,kg,0.250,2.0,24.0,0.0,0.0,24.0,1.0,4,7
Bicarbonato,Molhos e Temperos,UN,,,,und,1,0.078,0.0,0.0,0.0,0.0,0.026,4,7
Caldo de Carne 1kg,Molhos e Temperos,UN,1kg,1,kg,und,1,5.0,40.8,1.0,10.2,10.2,0.0,4,7
Caldo de galinha 1kg,Molhos e Temperos,UN,1kg,1,kg,und,1,2.0,11.2,2.0,22.4,11.2,1.0,4,7
Canela Moida 500 g,Molhos e Temperos,UN,500 g,500,g,und,500,0.438,19.99,0.0,0.0,19.99,0.022,4,7
"Colorau 0,250 g",Molhos e Temperos,UN,"0,250 g",0.250,g,kg,0.250,0.0,0.0,0.0,0.0,0.0,0.0,4,7
Extrato de Tomate 2 Kg,Molhos e Temperos,UN,2 Kg,2,kg,und,2,18.0,74.8,13.0,287.5,22.115385,13.0,4,7
Folha de Louro 250g,Molhos e Temperos,UN,250g,250,g,Kg,250,0.324,20.0,0.0,0.0,20.0,0.162,4,7
Gergelim branco 150 g,Molhos e Temperos,UN,150 g,150,g,kg,150,3.0,8.0,0.0,0.0,8.0,3.0,4,7
Gergelim preto 150 g,Molhos e Temperos,UN,150 g,150,g,kg,150,3.0,20.0,0.0,0.0,20.0,1.0,4,7
Ketchup,Molhos e Temperos,UN,,,,um,1,2.148,84.2,0.0,0.0,84.2,2.148,4,7
"Maionese - 1,02 Kg",Molhos e Temperos,UN,"1,02 Kg",1.02,kg,und,1.02,14.0,33.13,17.0,313.6,18.447041,13.0,4,7
Molho Shoyu 3L,Molhos e Temperos,UN,3L,3,l,und,3,0.0,0.0,0.0,0.0,0.0,0.0,4,7
Molho alho 215ml,Molhos e Temperos,UN,215ml,215,ml,um,215,0.0,0.0,1.0,12.6,12.6,1.0,3,7
Molho barbecue 3kg,Molhos e Temperos,UN,3kg,3,kg,und,3,0.0,0.0,0.0,0.0,0.0,0.0,4,7
Molho de pimenta - 900mL,Molhos e Temperos,UN,900mL,900,ml,und,900,6.0,47.69,4.0,40.57,10.1425,2.0,4,7
Molho salada hellmanns rose 210ml,Molhos e Temperos,UN,210ml,210,ml,um,210,0.0,0.0,1.0,12.2,12.2,1.0,3,7
Oregano,Molhos e Temperos,KG,,,,kg,1,2.0,24.0,0.0,0.0,24.0,1.0,4,7
Pimenta Calabresa,Molhos e Temperos,KG,,,,kg,1,0.0,0.0,0.0,0.0,0.0,0.0,4,7
"Pimenta biquinho - 3,02 kg",Molhos e Temperos,UN,"3,02 kg",3.02,kg,kg,3.02,3.45,64.89,2.0,43.26,21.63,1.442,4,7
Pimenta de bode,Molhos e Temperos,KG,,,,kg,1,1.0,15.0,1.0,10.0,10.0,2.0,4,7
Pimenta de cheiro,Molhos e Temperos,KG,,,,kg,1,0.402,10.0,3.065,48.09,15.691468,3.467,4,7
Pimenta do reino,Molhos e Temperos,KG,,,,kg,1,0.0,0.0,0.0,0.0,0.0,0.0,4,7
Sal Grosso 1 Kg,Molhos e Temperos,UN,1 Kg,1,kg,und,1,24.0,8.67,5.0,14.45,2.89,6.0,4,7
Sal refinado 1 Kg,Molhos e Temperos,UN,1 Kg,1,kg,und,1,34.0,9.16,31.0,70.99,2.29,27.0,4,7
Azeite de Oliva extra virgem- 500mL,Não-perecíveis,UN,500mL,500,ml,und,500,2.0,66.9,1.0,34.9,34.9,2.0,4,7
Azeite de dendê - 900mL,Não-perecíveis,UN,900mL,900,ml,und,900,8.0,48.95,3.0,40.95,13.65,2.0,4,7
Gelatina sem sabor 24G,Não-perecíveis,UN,24G,24,g,um,24,4.0,6.155,4.0,18.45,4.6125,6.0,3,7
Oleo MISTO - 500mL,Não-perecíveis,UN,500mL,500,ml,und,500,7.0,43.96,5.0,54.95,10.99,6.0,4,7
Vinagre de Álcool - 5L,Não-perecíveis,UN,5L,5,l,und,5,0.0,0.0,1.0,14.9,14.9,1.0,4,7
Óleo de Soja - 900mL,Não-perecíveis,UN,900mL,900,ml,und,900,40.0,16.13,73.0,400.74,5.489521,66.0,3,7
Ovos - cartela de 30un,Ovos,UN,,,,cartela,1,7.0,33.13,32.0,508.8,15.899987,25.0,4,7
Ovos de codorna,Ovos,KG,,,,kg,1,0.0,0.0,16.0,352.0,22.0,16.0,4,7
Biscoito Maisena,Padaria e Confeitaria,KG,,,,kg,1,2.324,13.98,1.0,7.1,7.1,0.162,4,7
"Chocolate em barra - 1,01 kg",Padaria e Confeitaria,UN,"1,01 kg",1.01,kg,kg,1.01,1.066,100.0,0.0,0.0,100.0,0.41,4,7
Farinha de Rosca 5Kg,Padaria e Confeitaria,UN,5Kg,5,kg,kg,5,0.814,5.98,0.5,3.39,6.785,0.814,1,7
Pão de forma 450 g,Padaria e Confeitaria,UN,450 g,450,g,pacote,450,5.196,24.6,1.0,6.15,6.15,1.0,4,7
Bacalhau,Peixes e Frutos do Mar,KG,,,,kg,1,0.0,0.0,0.0,0.0,0.0,0.0,4,7
Camarão,Peixes e Frutos do Mar,KG,,,,kg,1,1.394,39.9,0.0,0.0,39.9,1.394,4,7
Filé de peixe pangasius,Peixes e Frutos do Mar,KG,,,,Kg,1,0.0,0.0,0.0,0.0,0.0,0.0,4,7
Peixe -Dourada,Peixes e Frutos do Mar,KG,,,,kg,1,4.811,53.8,35.5,954.95,26.9,37.387,4,7
Polpa de Pequi,Polpas e Doces,UN,,,,und,1,1.0,7.0,0.0,0.0,7.0,0.0,4,7
Polpa de abacaxi,Polpas e Doces,UN,,,,und,1,10.0,0.0,5.0,9.45,1.89,5.0,4,7
Polpa de abacaxi com hortela,Polpas e Doces,UN,,,,und,1,0.0,0.0,0.0,0.0,0.0,0.0,3,7
Polpa de acerola,Polpas e Doces,UN,,,,und,1,8.0,0.0,11.0,20.79,1.89,11.0,4,7
Polpa de cajá,Polpas e Doces,UN,,,,und,1,9.0,0.0,9.0,14.31,1.59,9.0,4,7
Polpa de cajú,Polpas e Doces,UN,,,,und,1,9.0,0.0,9.0,14.31,1.59,9.0,4,7
Polpa de goiaba,Polpas e Doces,UN,,,,und,1,3.0,0.0,0.0,0.0,0.0,0.0,4,7
Polpa de maracujá,Polpas e Doces,UN,,,,und,1,0.0,0.0,14.0,68.46,4.89,14.0,4,7
Polpa de morango,Polpas e Doces,UN,,,,und,1,1.0,0.0,8.0,27.12,3.39,8.0,4,7
Polpa de uva,Polpas e Doces,UN,,,,und,1,5.0,0.0,11.0,37.29,3.39,11.0,4,7
